{"cameraMode":{"drawMode":0,"name":"Shaded","section":"Shading Mode"},"sceneLighting":true,"audioPlay":false,"sceneViewState":{"m_AlwaysRefresh":false,"showFog":true,"showSkybox":true,"showFlares":true,"showImageEffects":true,"showParticleSystems":true,"showVisualEffectGraphs":true,"m_FxEnabled":true},"in2DMode":false,"pivot":{"x":3.9920153617858888,"y":-3.221644401550293,"z":10.336051940917969},"rotation":{"x":0.17645318806171418,"y":0.12366285920143128,"z":-0.02235419861972332,"w":0.9762847423553467},"size":10.670825958251954,"orthographic":false}